x	y	clickSelects
0.0569267434762399	0.495720178388103	248
0.0626894879564399	1.46567429589928	165
0.10898287814824	-1.32812787367637	165
-0.0136967161510799	-2.45944846263867	165
-0.0051547174806299	-0.173391007160328	73
0.05028879644005	-0.900381841782902	165
0.11436184341487	-0.252723541797277	73
0.0704111142214101	-0.746254218823298	73
-0.00429121133791011	-2.20676903104476	73
-0.0397520865840699	-0.144131845502882	73
0.0533487416905101	-0.546915024921251	73
0.11785926254557	1.83236019602633	61
-0.08179496664602	1.04437440148189	165
0.03165322825191	0.872479336655745	73
0.0989635459579199	-2.09159383401619	73
-0.01940133298368	0.889275862997394	73
0.0136890923844399	0.565219503517987	73
-0.0198321878876	-0.221475679148318	73
0.01382554814337	0.847931258044978	73
0.0659027528424601	0.102068604421452	73
0.0682391854748801	2.15542615226374	73
0.07661233469726	0.857357112997931	73
0.1160759064973	0.668610204755197	73
0.10188882416728	1.33512916863847	73
-0.0774252218351901	1.14880044791145	73
0.0593109223864701	-1.57488390170684	73
-0.08192961009217	0.198435139419942	73
-0.04804841928995	-1.34772600469519	73
0.0413484809898499	2.24574841550796	226
0.11584026154924	1.04844769069327	73
-0.0627022942452	0.185723460354575	73
0.12434525806182	0.93258841819207	73
-0.12328584015629	2.27388843658011	73
0.0583103360861299	-1.29039791314909	73
0.11238386994812	-0.903083070737903	73
-0.0192048378352101	-0.119319264753313	73
0.0403447262519001	-0.943526933078179	73
0.0549324489556899	-1.38357575498713	73
0.0405328070925399	-2.16758805569848	73
-0.11291349955174	-0.333976721789641	73
0.12453442892458	0.475281974282904	73
-0.0456298918117399	1.29283057751656	73
0.10242764923948	1.25505878047924	73
0.0997800428790401	-1.39901754943467	73
0.0965669441121899	-2.19375234104156	73
-0.02268244170698	1.7583275976242	73
0.12419456995076	-1.41775157588828	73
-0.0254201711917399	-1.16098245489765	73
0.10285999039133	-1.9412672979139	73
0.0101446878328999	-1.45867219868672	73
-0.04313623982049	-1.93314562059475	73
-0.00573651278165999	-1.94761386445122	73
0.06648583021255	-2.46688144467999	179
0.10063196454001	1.240158584718	179
0.00451871778269997	1.36254875635561	73
0.0660705611941701	-0.636810429238503	73
0.0130054013031999	-0.150129251133583	73
0.099068390042	-1.08586617763194	73
0.07492730268516	0.230167045957856	179
0.0608290413478001	1.30399970953941	179
0.0968774655299001	0.956100906394928	73
0.06870265235928	-0.133963275411523	73
0.0701491108955199	-1.31034606865591	73
0.05374264030906	-1.18004142426995	73
-0.0624287201956599	-0.518871546611878	73
0.02042104488019	-0.438177287424621	179
0.10700059595621	-0.904122936472868	335
-0.08757038519307	-2.4244231952364	335
0.0536552629790601	-2.17365158423148	73
-0.04511485403208	-0.35283824726841	179
0.08861139944581	-1.85398339747775	73
-0.01416646414656	-1.77789086241283	73
0.11858007790519	1.02510611896161	335
0.08092084498428	0.0750578472790284	189
0.01895563421325	-2.07761128924184	291
0.06543641720127	-2.44440430289166	189
0.11664526426307	-0.732971343244497	189
0.0365343772871101	1.85315966157996	189
0.0115858225079399	-0.123480138106348	189
0.03949586773235	-0.45881417025484	189
0.02045240288631	2.16749657956694	189
0.09833316492204	0.920663009139259	189
0.12330981783866	-0.568696746640518	189
0.00784081340316001	2.46750924951883	189
0.0883490354843399	0.442992032010785	189
0.0724795608726001	-1.80924163498745	189
0.02022660262021	-1.10832955544064	189
-0.09757951139748	-1.78996148350369	135
0.01854256661311	0.881818356708637	189
0.0131727535980599	1.30215419273963	189
-0.0614240773352299	-1.28371199218331	189
0.06423948157004	0.753762102557486	189
0.10276475263221	1.68460440704053	189
0.0604347246416099	-0.483773029329655	135
-0.0294978689959999	0.536971154517444	135
-0.0760446352473501	1.00857510919591	135
0.06166691108241	-2.44858637281267	135
0.0543253051013901	0.73755071083321	135
0.10265236612337	-2.09891295019501	189
0.1033548900221	2.38173292309265	189
0.10593760393993	1.14985386282964	189
0.10410995956455	1.95919102548988	189
0.11063794503901	2.16055147360791	189
0.06769105891186	0.799066716215425	189
0.0906553392701399	0.449269577022715	189
0.07457446373563	-0.603121003374618	189
0.0917974784736899	2.02402693399691	189
0.0539734466000099	1.65411616647434	189
0.05970858502007	0.0237761464637405	189
0.0580780138271699	-1.53533190009969	189
-0.02839289606577	-1.90360826367441	135
-0.02950925577539	-1.295603041015	135
0.06152562879215	-1.09650362767138	135
0.05570009804415	-0.787011588089017	189
0.0641319360246599	1.78774351021296	189
0.0323959799759299	2.3654709036382	189
-0.0478678791885601	1.56185098505984	189
0.0619329536064199	-0.512481133923345	135
0.0403104168983499	0.301865756026908	135
0.12049025393901	0.61442047780322	189
0.07629845971286	0.504300855223391	189
-0.12302582690684	0.440287975304907	189
0.1231904180343	-0.642467105998172	189
0.02862342302135	-0.174501558233612	135
-0.0335296872011701	1.85932973384904	135
0.11667128233019	0.465918814446102	135
0.05731358498967	0.574072771838651	135
0.11642477314459	2.10240365615334	189
0.06813200956002	1.01064647447481	189
0.0485828440445	2.17684098984751	189
0.0404141597199099	2.12736573951828	189
0.00146938752365	1.71772629688264	189
-0.0476428032368199	-0.174383096408674	189
0.0576136434941801	-0.318402026349322	189
0.08891041767084	-1.53130406655841	135
0.0738116638613799	-2.1816775288517	135
-0.06302846862137	0.199266552572327	135
0.08929916833628	-0.675226160077761	135
0.0775666710768901	0.170239205401614	189
0.05124831112488	-2.1231163631079	189
0.0956884962211599	2.45272482275029	189
0.0468030317691399	-1.17975508925355	189
0.0860215036438601	2.45383873229399	189
0.12460374334797	1.27063857517009	189
0.10728949427432	0.409049898379939	189
0.0605931662833299	-0.656047281207076	189
0.0281843858892901	1.63479911484325	189
-0.0494193118934201	1.51393550742434	189
0.07489632084113	-0.2099217788586	189
0.0458578199659701	-2.4814134457404	189
0.0925194931911999	-1.29590296804083	135
0.05021632014906	-1.36152088276944	135
0.03511369567812	-2.14051857053023	135
-0.06395258349126	-0.00413561424285014	135
0.10543654795966	-1.00718624266212	135
0.0357274060336701	-0.361425409923672	189
0.0789505814811999	-1.94790073751065	189
0.10627185993487	0.625774637436491	189
-0.03383669424706	0.454088366475547	189
0.12256495254599	-0.412130490960232	189
0.10521197375593	-1.92825129260441	135
0.0117813259936801	-0.125150708825229	135
-0.0427282303238301	-0.528120196527485	135
-0.00861238636174	1.91414045314349	189
0.03128378599187	2.0139175224513	189
0.0945704239141301	-0.508574459437524	189
0.0492357046990499	0.79424971614638	189
0.07194761902548	1.05847664067614	189
0.09192158465601	-0.0736276857600657	189
0.0261048303814699	-0.580103051144523	135
0.00798198755608004	0.0815613332850731	118
-0.0107957841861099	-1.72970024446642	135
0.06269161099137	2.11179495960745	189
0.0460223436251399	1.66069334199372	189
0.0581809822485899	-1.37608399513285	135
-0.0319591624764399	0.190953018966278	135
-0.0886794805928399	0.611189609487495	135
-0.0391837988262	1.63674986270888	135
0.12045452923217	-0.293155035756033	189
0.10173463899666	2.3763386906635	189
0.0609060946337201	-0.911777110326874	135
0.10941321664976	1.16811000950377	150
0.03155991524016	-0.706572170244359	135
0.0838942389200299	-1.65886970132586	135
0.00953694079119005	-1.75928823012468	135
0.09844669129019	2.06961400272164	150
0.11479535069159	2.15781552119645	189
0.08582774604152	0.384707278513474	150
0.12475723208618	-0.213071403235034	150
0.10319802175965	0.250979456784044	135
0.0649001516388099	-1.26872002600931	150
0.12450812318771	-2.16193608288237	189
0.11557011811247	2.24535555016749	150
0.0748949787518201	-1.59348775207372	118
0.11126808634726	-1.45554429143783	118
0.11691440421837	0.451742527999533	150
-0.07380820321732	1.96035954707304	118
0.0986414322298901	-2.32215908263833	135
0.1155506183061	2.07896915728969	150
0.10064760249479	1.87989803603356	150
0.0175118777357901	0.568841307515447	118
0.0173775058083701	-2.14461102164428	118
0.05227067334834	-1.48814558982142	118
0.0985866401825699	-1.29414464825893	118
0.0791685775381099	2.27437875155219	150
0.10972871216448	1.94588022416714	150
0.0432551998085999	0.693265183368427	150
0.12069528273562	0.150033238067371	150
0.11174094185062	0.0592048686672673	189
0.1019551235635	2.14282890371526	150
0.0462959616904699	0.551027965725812	118
0.0833574461140301	0.297631705652332	118
0.11455126196309	-0.744748138647674	118
0.11423635198895	-0.594753214412167	118
-0.0195310744647701	0.0930309532892668	118
0.0569151745305401	-2.34525982019161	118
-0.0134512714005299	-0.271760610978905	118
0.0737264961511701	1.43160573705638	118
0.0302808317641601	1.48913104058397	118
0.06963895151855	0.536784764296527	150
0.12358270955205	0.890047195286053	150
0.0732940664694399	2.05597815821451	150
0.11022260408501	-0.0177854101318431	150
-0.00669499615124991	1.67456640492283	150
0.10610825719928	1.01402911627986	150
0.0375896891821099	0.953109436582988	118
0.0804771741302299	-0.672089704482657	118
0.0606730351720399	1.73980184059842	118
0.10909108415218	-1.33056204007669	118
0.1107178784446	2.05606128349454	150
0.07051720424558	0.048938637117228	150
0.11614981348929	2.05508517793987	150
0.0487182003143301	1.42780304396655	118
0.0807492004705199	1.2283627406012	150
0.01692183225446	2.42995459874672	150
0.0646298128759699	2.40662950014279	150
0.0834321692319899	1.82270071624976	150
0.10380972158344	-2.05967161449631	259
0.0700867071695599	-0.654113588755347	118
-0.10208613536452	1.93882577223545	150
0.08546012389021	-0.648558212621982	118
0.0421188332936	2.14954148478931	150
0.0182185484230899	1.99573837587044	150
0.0940962933948	1.56170887712183	150
0.11913277565069	0.951845296140537	150
0.11952511544663	1.60292413596488	150
0.01697625636667	-0.438206434707872	259
-0.05110003610898	1.45231238550146	259
0.0351564369965101	-1.07269545099808	259
-0.0200046301260199	-0.32378067470405	259
-0.04984674052365	-2.03507810843493	118
0.02228762632451	-0.969976151416541	118
0.0865463621187501	-2.13090395255441	118
-0.05030103968264	-1.64678103178407	27
-0.00695392119585003	0.0781285289273903	259
0.0110901098913601	-0.584943858524072	259
0.06836593364249	-1.44203067112573	259
0.06548159710252	0.255896867929824	259
0.0276150132689701	-1.08786359944376	118
0.08712750417357	2.48972564146875	150
0.1116546822805	1.47067741864229	150
0.0988326990491799	0.973812317250022	150
0.10081719112159	0.180977973683722	150
0.0357955206779099	-1.56542580580008	118
0.0891330094476399	1.57723435553354	150
0.12256360526677	0.420558878157241	150
0.0379500834831901	1.65994338198624	150
-0.07332352618088	1.72081213861373	118
0.0487275361222099	1.35011761116436	118
-0.0835217397247401	2.22993724257989	118
0.11757937888841	1.24291386751255	150
-0.0125702087155599	2.12197223642115	150
0.0646699253343399	-1.4367130844652	118
0.0038886990523499	2.25334148374417	118
0.10314126249992	-0.956216943701415	118
0.0789513553233801	2.34963327565463	150
0.08730607689526	2.03108545499151	150
-0.000483314376519939	-0.0012109534802125	150
0.0588913048486499	-1.92634742427065	118
0.0240581054343401	-1.08898973215473	118
0.12090246438594	-1.19523645490679	150
0.12063497034027	1.63348870518465	150
0.0288544806640401	-1.20412717349193	118
0.02554242204006	-0.748136564040603	118
-0.06332467585826	0.678689654408188	118
0.04577970141597	2.12720305961499	118
0.05513962405106	-1.47281389476481	118
0.07768163876903	0.891215502840167	150
0.04353935588267	1.42438505388927	150
0.01221931112601	1.58411376326529	118
0.1164071288652	0.149984024562571	118
0.0363904875719701	1.1464666996973	150
0.04642794892603	0.941862736965009	150
0.11759500162119	1.94883924260796	150
0.12235377312762	-1.885168262553	118
0.0523576568239199	0.625794626506449	150
0.0514136250497601	0.179010471491559	118
0.12420834659446	0.431902653677	118
0.0753112226511301	-0.781769192175414	118
0.11102009679002	1.37987699782179	150
0.10290447228687	0.388733409861642	150
0.11850694435794	-0.304897187994309	118
0.0641872263774601	-0.492498495727793	118
0.10891106703508	1.92034252258514	118
0.08006500787816	1.66164012166641	118
0.08356057088811	0.366226159975039	118
0.05814000011451	1.45587070842079	150
0.0960465190945601	-1.15178691998363	118
0.04416596737936	2.15144266419258	118
-0.04787450521561	-0.407611983230396	118
0.0466643190387701	1.33392754579594	118
0.11220717440768	2.29223770043419	150
0.11551939644834	-1.71209189789618	118
0.11119607239051	0.161980965351772	118
0.0729124150031	0.520149373779974	118
0.0985761040370401	1.55624070529916	118
0.0890120228151301	-0.00579987429236439	118
0.0852800615692699	-0.664124717414504	118
0.0268077612547399	0.831961879865503	118
0.0666233884181799	2.13029952844905	150
0.0735970731531399	-0.663480559651438	118
0.0353848912975201	0.936502962199359	118
0.11262553757843	-0.282516479236506	118
0.12382628677178	1.4634926754934	150
0.0821072931498901	0.550115571642975	118
0.1013915452018	1.08850073102392	118
0.10332479028151	-0.453286985171802	118
0.0781042988173499	0.218653407988253	118
-0.01349607939597	0.631349549316184	118
-0.04550820717245	-2.12355726238573	118
0.0286664739967799	-1.59835319118409	118
0.0248543028463299	1.37187830840083	118
0.10195934997268	1.95136573567324	150
0.0633497899386299	1.43553303350113	150
-0.01421512020308	0.850224617330513	118
0.0442112471051399	-0.938786470510504	118
0.0791262051431201	1.76215797818337	118
0.08957405949869	-1.46127396178514	118
-0.01107517844035	1.25110278410995	118
0.07956522049546	1.80691513757065	118
0.12380505372898	2.38024924582408	118
0.08214336492922	-0.324772249010605	118
0.01685214669562	0.672257695563207	118
0.0300708465141399	-0.227400131171756	118
-0.01149819754549	1.53393386228966	118
0.11046871982828	-0.231894023337219	118
0.00233046822198002	1.69478719900825	118
0.11258305395107	-2.17075986712001	118
-0.0159556152698399	-0.00142023344713138	118
0.0305368446630201	-0.41128687740437	118
0.0981009380905999	1.57425710113751	118
0.08002298669408	0.685742162583374	150
-0.00883956816649989	-0.386736249429736	118
0.0988487018384401	-1.22099323684576	118
0.05300003543577	1.52594531458078	150
0.08089320082589	2.0220969423138	150
0.09830391809419	-0.682855905697004	118
0.10470992189979	1.31249790524785	118
0.0581504013191401	0.630996573159125	118
-0.0773533273795599	1.38478097005764	118
-0.02273347505602	2.23280673190553	118
0.11320531467447	0.697034250323528	324
0.11380269187898	-1.14718457943281	324
0.09395116129353	1.18252263055087	324
0.10331892426698	0.972733521348269	324
0.09303600841015	1.59818146120256	324
